날짜,제목,본문,감성점수
2025.07.24 17:48,2차전지·철강株 랠리에 포스코그룹 ETF 날았다,"'ACE포스코그룹' 한달 19% ↑
퓨처엠·홀딩스 등 급등한 덕분
증권가도 목표주가 높여잡아








사진=게티이미지뱅크
포스코그룹에 집중적으로 투자하는 상장지수펀드(ETF)가 지난 한 달간 다른 대기업그룹 ETF와 비교해 독보적인 수익을 냈다. 포스코그룹의 주력 사업 분야인 2차전지와 철강 관련 업종이 최근 랠리를 펼치며 ETF 가격을 밀어 올렸다.
24일 한국거래소에 따르면 ‘ACE 포스코그룹포커스’는 최근 한 달(6월 23일~7월 23일)간 19.42% 급등했다. 삼성그룹 계열사에 투자하는 ‘KODEX 삼성그룹’은 같은 기간 8.22% 올랐고, ‘TIGER LG그룹+펀더멘털’은 11.55%, ‘TIGER 현대차그룹+펀더멘털’은 8.4% 상승했다. 연초부터 조선·방위산업 계열사를 중심으로 상승장을 이끈 ‘PLUS 한화그룹주’는 같은 기간 0.06% 떨어졌다.
최근 철강주와 2차전지주의 강세가 관련 사업에 역량을 집중하고 있는 포스코그룹 ETF 상승을 이끌었다. 지주회사인 포스코홀딩스 주가는 이 기간 31.76% 뛰었다. 중국 철강 기업들의 감산으로 국내 철강주가 반사이익을 얻을 것이라는 기대가 커져서다. 포스코홀딩스는 국내 최대 철강 업체인 포스코 지분 100%를 보유하고 있다. 철강 제품 포장 및 철강 부원료 사업을 하는 포스코엠텍도 최근 주가가 급등했다. 2차전지 소재 기업인 포스코퓨처엠 주가는 한 달간 19.4% 올랐다. 미국이 중국산 흑연 음극재에 반덤핑 관세를 부과한다고 발표하면서 다른 원산지에서 흑연을 가져다 쓰는 포스코퓨처엠에 관심이 쏠렸다.
권지우 한화투자증권 연구원은 “포스코홀딩스 철강부문 실적은 내년에 더 좋아질 것”이라며 “철광석·원료탄 가격 안정으로 제조원가가 낮아지고, 판가도 인상될 것으로 보인다”고 말했다. 포스코홀딩스 목표주가는 50만원으로 제시했다. 이날 포스코홀딩스는 0.3% 내린 33만4000원에 거래를 마감했다.",1.0
2025.07.24 17:36,"포스코그룹, 1% 나눔으로 모두의 희망이 되다","포스코그룹은 2013년 포스코1%나눔재단을 설립하는 등 창립 이래 줄곧 지역사회와 함께 성장하며 지역 중심의 사회공헌활동을 추진하고 있다.
 
 








 
  포항 포은중학교 학생이 포스코1%나눔재단의 상상이상 사이언스 창의과학 교육 프로그램에 참여하고 있다. 포스코그룹 제공  
  24일 포스코에 따르면 포스코1%나눔재단은 포스코그룹과 협력사 임직원들의 자발적인 1% 급여 기부와 회사의 매칭그랜트 기금으로 운영하는 비영리 공익법인이다.
   
  2013년부터 지난해까지 누적 모금액 총 1061억7000만원을 달성하는 등 국내 대표적인 임직원 참여 재단으로 성장했다.
   
  지난해 포스코1%나눔재단은 포스코그룹과 협력사 임직원 3만9402명의 기부와 매칭그랜트 등을 포함해 총 104억원을 모금하고 미래세대 육성, 취약계층 자립지원 사업 등에 98억9000만원을 지출했다.
   
  미래세대 분야에서는 포항·광양 포함 전국 87개 중학교에서 9754명의 학생들이 참여한 창의과학 교육 프로그램을 진행했다.
   
  자립준비청년 50명에게 취·창업 프로그램과 포스코그룹 임직원 멘토링을 지원했다.
   
  또한 포항지역 다문화와 취약계층 청소년 25명에게 진학·취업 교육을 지원했다.
   
  창의과학 교육 프로그램인 ‘상상이상 사이언스’는 과학 꿈나무 양성을 위한 찾아가는 체험형 창의과학 교육 프로젝트다.
   
  직접 학교를 방문해 미래 과학기술, 생물다양성 교육 등 다양한 프로그램을 통해 학생들에게 환경과 과학에 대한 흥미를 높여주고 다양한 진로 탐색 기회를 제공하고 있다.
   
  취약계층 자립지원 분야에서는 ‘희망날개’ 사업을 통해 상이 국가유공자 23명과 보훈병원 4개소에 로봇 의수·의족, 국산 보행재활로봇 등 첨단보조기기를, 지역사회 장애인 120명에게는 맞춤형 보조기구를 지원했다.
   
  장애인 대상으로는 IT 분야 취업을 지원하는 코딩 등 웹 개발 전문 교육 제공했다.
 
 








 
  포항 포은중학교 학생들이 포스코1%나눔재단의 상상이상 사이언스 생물다양성 교육 프로그램에 참여하고 있다. 포스코그룹 제공  
  ‘만남이 예술이 되다’ 프로그램을 통해 장애예술인에게는 대중가수와의 협업을 통한 예술활동 기회를 제공했다.
   
  또한 노후화 등으로 공간 개선이 필요한 포항·광양 장애인 시설과 제철소 자매마을 공공시설 39개소를 리모델링했다.
   
  이와 함께 기부자가 재단 사업에 직접 참여해 아이디어를 제안하고 직접 실행하는 124건의 ‘체인지 마이 타운(Change My Town)’ 사업을 추진했다.
   
  기부자가 직접 기부처를 추천하고 기부하는 ‘1%마리채’ 사업을 통해 138개 기관을 지원했다.
   
  또한 포스코1%나눔재단은 국가유공자 예우 문화 확산 공로로 보훈문화상(국가보훈부 장관상)을, 장애 인식 개선과 장애 예술인 대중화에 기여한 공로로 장애인문화예술 대상(국회의장상)을 수상했다.
   
  국가유공자 첨단보조기구 지원 사업 영상은 CSR 필름 페스티벌 어워드에서 최고상인 대상(기획재정부 장관상)을 받았다.
   
  이밖에도 포스코그룹은 1971년 포스코청암재단을 설립해 우수 인재 양성과 글로벌 사회공헌 활동을 통해 대한민국은 물론 아시아 공동 발전에 기여해오고 있다.
   
  포스코청암재단의 대표사업으로는 포스코청암상, 포스코사이언스펠로십, 포스코아시아펠로십, 포스코유스펠로십 등이 있다.
   
  포스코청암상은 포스코청암재단이 2006년 포스코 창업이념인 창의존중·인재중시·봉사정신에 대한 국민적 관심과 참여를 확산시켜 국가발전에 기여하고자 제정했다.
   
  더불어 포스코사이언스펠로십, 포스코아시아펠로십, 포스코유스펠로십 등을 통해 한국은 물론 글로벌 차원에서 인재육성에도 힘 쏟고 있다.
   
  포스코청암재단은 “국내외 장학∙학술∙문화 사업을 통해 차세대 인재육성, 아시아 네트워킹, 참여와 나눔 실천을 핵심전략으로 우리 사회의 미래, 더 나아가 아시아의 미래에 지속 이바지할 계획”이라고 밝혔다.",0.5
2025.07.24 15:36,[포스코이앤씨 is]② 줄어든 '캡티브' 흔들리는 수익기반,"인천 송도에 소재한 포스코이앤씨 사옥 전경 /사진 제공=포스코이앤씨
 
포스코그룹이 철강산업 부진으로 재계순위가 내려앉은 가운데 건설 계열사인 포스코이앤씨에도 악영향이 이어지고 있다. 그룹이 이차전지를 제외한 사업의 신규 투자를 줄이면서 캡티브(전속시장) 일감이 급감했기 때문이다. 그동안에는 캡티브로 건축·주택에 치중된 포트폴리오를 보완했지만 신규 일감과 수주잔액이 모두 감소하면서 수익기반이 흔들리고 있다.
 
그룹 침체 '후폭풍' 캡티브 감소세
24일 공정거래위원회에 따르면 포스코그룹은 올해 재계순위 6위로 지난해보다 1계단 밀려났다. 철강업 악화로 타 그룹에 비해 자산증가 폭이 미미했기 때문이다.
포스코이앤씨도 그룹 침체의 후폭풍을 맞았으며 계열사들이 투자속도를 조절하면서 캡티브 수주 또한 급감했다. 2023년 이전에는 저탄소·친환경 전환에 따른 신규 투자로 캡티브가 증가했지만 2024년 이후 글로벌 경기둔화로 외형이 축소되고 있다.
지난해 계열 신규 수주는 7186억원으로 전년(2조2865억원) 대비 68.57% 감소했다. 또 계열 수주잔액은 2020~2023년에 4조원대였지만 지난해에는 2조7227억원으로 줄었다. 지난해 말 계열 수주 비율은 6.87%로 평균의 절반 수준이다.
 








/표=공시 가공
 
지난해까지는 내부거래 매출이 유지됐지만 캡티브 수주 감소세가 지속되면 타격이 불가피하다. 연결기준 연간 10조원의 매출 중 캡티브가 약 20~25%를 차지하기 때문이다. 특수관계자와의 거래내역은 2020년 1조7181억원에서 2021년 2조2262억원으로 늘어난 뒤 2023~2024년 각각 2조6361억원, 2조6236억원을 기록하며 수익을 견인했다.
다만 캡티브 수주가 줄어든 올 1분기 특수관계자와의 거래내역은 4307억원으로 전년동기(7748억원) 대비 44.41% 감소했다. 신규 수주 감소와 맞물려 수주잔액도 줄어든 만큼 내부거래가 단기간에 회복되기는 어려울 것으로 전망된다.
 
든든한 수주잔액·친환경 투자 버팀목
그룹에 소속된 건설사의 실적은 계열사 상태에 연동되는 특성이 있다. 계열사가 성장가도를 달리면 신규 투자가 늘어나는 만큼 캡티브 혜택을 받을 수 있지만, 부진할 경우 홀로서기가 필요하기 때문이다.
그간 안정적인 캡티브 확보는 포트폴리오 다각화에 기여했지만 철강산업 경기둔화와 그룹사의 투자전략 변화 등으로 계열사 발주 물량이 감소하면서 건축·주택 부문으로의 쏠림 현상이 나타나고 있다. 지난해 신규 수주와 수주잔액에서 건축·주택 공사가 차지하는 비중은 각각 81.22%, 80.45%로 높은 수준이다. 캡티브가 줄어든 가운데 일감 확보를 위해 도시정비사업에서 적극적인 영업활동을 벌이고 있어 비중 쏠림은 더 심화할 수 있다.
그룹의 투자속도 조절로 캡티브 일감이 적어진 상황에서 연평균 매출의 4배인 41조819억원의 수주잔액은 버팀목이다. 이와 더불어 공격적인 주택공급 확대에 나서며 중장기 매출은 유지될 것으로 예상된다.
또 그룹이 신사업으로 이차전지 소재, 수소 등에 대한 투자기조를 지속하면서 캡티브 수주가 회복될 가능성도 있다. 본업인 철강의 저탄소 확대도 기대요인으로 꼽힌다. 한국신용평가는 이차전지를 비롯해 친환경 투자 수요가 유효한 점을 감안할 때 연간 1조원 이상의 캡티브 매출이 유지될 것으로 내다봤다.
변동성이 큰 주택사업의 실적을 개선하는 데는 캡티브 회복이 필요한 것으로 진단된다. 포스코이앤씨는 2020년 이후 정비사업 공급 지연에 따른 건축부문의 매출둔화를 캡티브에 기반한 플랜트부문의 매출 반등으로 보완하기도 했다.",-1.0
2025.07.24 14:03,"정부·노조, '노동자 추락사' 포스코 광양제철소에 전방위 압박","李대통령 ""철저히 조사"" 지시 1주일만에 고용노동청·경찰 압수수색
플랜트노조 ""예고된 인재""…사측 ""재발방지 대책 강구""








포스코 광양제철소
[포스코 광양제철소 제공. 재판매 및 DB 금지]
    (광주=연합뉴스) 손상원 기자 = 포스코 광양제철소가 3명의 사상자를 낸 추락사고 책임을 추궁하는 고용노동부, 경찰, 노조 등의 전방위 압박을 받고 있다. 
    이재명 대통령이 엄정한 조사를 주문하면서 중대재해 처벌 등에 관한 법률 위반 여부 등 수사 결과에도 관심이 커졌다. 
    광주지방고용노동청과 전남경찰청은 24일 포스코 광양제철소 현장 사무실, 철거 업체 본사·현장 사무실을 압수수색했다.
    사고 발생 후 10일, 이 대통령이 철저한 조사를 지시한 지 7일 만이다.
    광양제철소에서는 지난 14일 집진기 배관을 철거하던 중 구조물이 무너지면서 철거 업체 노동자들이 추락해 1명이 숨지고 2명이 다쳤다.
    이 대통령은 지난 17일 수석보좌관 회의에서 ""사고 원인을 신속하고 철저히 조사하고, 안전조치에 미비점이 없었는지 확인해 엄정히 책임을 물어야 한다""고 말했다.
    수사 당국은 붕괴 원인과 함께 위험 방지 대책 등 안전 수칙 준수 여부를 살피고 있다.
    특히 포스코의 도급인 지위 여부를 파악해 산업안전보건법이나 중대재해처벌법을 위반했는지 가릴 방침이다.
    철거 작업이 건설 공사로 판단되면 포스코는 '발주자'가 될 가능성이 높아 안전보건 조치 의무가 적용되지 않는다.
    건설 외 다른 공사인 경우 포스코가 '도급인'(원청)이 돼 안전보건 조치 의무를 질 수 있다.
    건설 공사에 해당하는지 판단이 수사의 주요 변수가 될 수 있다. 
    노조는 이번 사고를 '예고된 인재'라고 규정했다.
    전국 플랜트건설노조 전남 동부 경남 서부지부는 이날 오후 광양제철소 앞에서 기자회견을 열어 명백한 사고 조사와 실질적 재발 방지 대책을 촉구할 예정이다.
    노조는 ""대통령이 언급해야만 움직이고, 국회의원이 지적해야만 반응하는 현실에서 이름조차 알 수 없는 많은 노동자가 매일 추락하고, 끼이고, 맞아 죽어간다""며 ""포스코는 모든 책임을 져야 한다""고 강조했다.
    노조는 ""1991년 설치 후 1996년부터 불용으로 방치한 설비를 한 번도 교체하거나 정비하지 않은 포스코의 무책임이 사고의 원인""이라며 ""위험의 외주화, 최저가 낙찰제, 원가 절감이라는 이름으로 현장을 방치하고 책임을 하청에 떠넘기는 구조에서 참극은 언제라도 반복된다는 것을 명심하라""고 말했다.
    포스코 모든 사업장의 노후 설비 전수 조사·교체, 경영진의 공개 사과, 고용노동부의 특별 관리 감독, 중대재해처벌법 적용 등을 노조는 요구했다.
    포스코 광양제철소 관계자는 ""노후 설비를 철저히 점검하고 부족한 부분을 개선하는 데 최선을 다하겠다""며 ""사고 조사와 원인 규명에 성실히 임하고 재발 방지 대책을 강구하겠다""고 말했다.
    sangwon700@yna.co.kr",-0.5
2025.07.24 14:01,포스코 협력사도 ‘기술 계승·성과 공유’…숙련 중심 일터혁신이 답...,"노사발전재단, 4차 사례공유 포럼 개최
청인·포웰의 상생 성과 공유
고령 숙련인력 기술 잇고, 평가·보상 체계 혁신
“경쟁 대신 성장”…원청-협력사 상생의 현장 실험








노사발전재단과 에이피씨컨설팅은 7월 24일 경북 포항시에서 2025년 제4차 일터혁신 사례공유 포럼을 개최했다. [노사발전재단 제공]
[헤럴드경제=김용훈 기자] “정년퇴직자와 함께 기술도 은퇴할 수는 없잖습니까.”
포스코 수처리 설비를 담당하는 협력사 청인의 한 관계자는 “숙련 전수는 기업 생존의 문제”라며 이같이 말했다. 이처럼 고령화, 기술 격차, 출신 간 갈등 등 복잡한 문제를 숙련 중심의 일터혁신으로 풀어낸 사례들이 공유됐다.
노사발전재단은 24일 경북 포항 티파니웨딩홀에서 ‘포스코-협력사 상생을 위한 숙련 중심 일터혁신’을 주제로 2025년 제4차 일터혁신 사례공유 포럼을 열었다. 이 자리에는 협력사 청인과 포웰, 원청사 포스코가 참여해 컨설팅 성과와 상생 모델을 소개했다.
청인은 전 직원 중 46%가 50대 이상인 고령 기업이다. 핵심 수처리 기술을 가진 이들의 퇴직이 곧 기술 단절로 이어질 수밖에 없던 구조였다. 이들은 외부 온라인 교육의 한계를 절감하고, 직무별 사내 교육과정을 개발했다. 교육 성과를 승진·보상과 연계하고, 고령 인력을 사내 강사로 육성하는 숙련전수 시스템을 도입했다. 그 결과 기술의 연속성은 물론 장년 근로자의 자존감과 참여도도 높아졌다. 청인은 이 성과로 2023년 직업능력개발훈련 최우수상을, 2024년에는 노사문화 우수기업에 선정됐다.
포웰의 고민은 내부 격차였다. 포스코 출신과 비출신 간 임금·승진 불균형이 조직의 갈등 요인이 됐다. 포웰은 숙련수준을 기준으로 한 직무평가체계를 새로 도입하고, ‘승진 포인트제’를 통해 역량 중심 인사제도를 구축했다. 이 제도는 비출신 근로자들의 동기를 북돋았고, 능력 중심 조직문화로 전환하는 계기가 됐다. 포웰 역시 2023년 노사문화 우수기업, 2024년 일터혁신 우수기업으로 선정됐으며, 매출도 10% 증가하는 성과를 거뒀다.
원청사 포스코도 일터혁신 컨설팅과 함께 일학습병행, 체계적 현장훈련(S-OJT) 등을 통해 협력사의 인적자원 최적화를 지원하고 있다. 노사발전재단 박종필 사무총장은 “숙련 중심 일터혁신은 근로조건 개선, 생산성 향상, 원청 경쟁력 강화로 이어지는 상생의 해법”이라며 “앞으로도 다양한 방식으로 일터혁신을 지속적으로 지원하겠다”고 밝혔다.
이번 포럼은 서울과학기술대학교 노용진 교수, 고용노동부 박세호 과장, 경북동부경총 이재구 부회장, 포스코 윤좌현 차장이 패널로 참여한 전문가 토론으로 마무리됐다.",0.0
2025.07.24 14:00,"""정년 앞둔 숙련공이 지식 전수""…포스코·협력사 일터혁신 공유","노사발전재단. 2025년 제4차 일터혁신 사례공유 포럼
청인, 인력 46%가 50대 이상…기술 전수해 공백 예방
포웰, 숙련도와 승진 연계…비 포스코 출신 기회 확대








[포항=뉴시스] 안병철 기자 = 포스코 포항제철소 내 용광로에서 근로자들이 더위를 식히기 위해 얼음물을 마시고 있다.(사진=포스코 제공) 2025.07.07. photo@newsis.com
[서울=뉴시스] 고홍주 기자 = 노사발전재단이 24일 경북 포항시에서 '포스코·협력사 상생을 위한 숙련 중심의 일터혁신'을 주제로 2025년 제4차 일터혁신 사례공유 포럼을 개최했다.
이번 포럼에서는 에이치피씨컨설팅이 수행한 컨설팅 사례를 중심으로, 포스코 협력사 2곳과 포스코의 상생 지원 사례가 발표됐다.
첫 번째 사례 발표는 포스코 협력사인 청인이다. 청인은 전체 인력의 46%가 50대 이상으로, 이들이 핵심적인 수처리 기술과 비결을 보유하고 있어 정년퇴직 시 핵심기술 단절이 우려되는 상황이었다. 고령 숙련인력의 지식과 비결을 전수할 수 있는 숙련전수시스템이 필수적이지만, 외부 온라인 교육에 의존해 내부 직무전문가를 육성하는 데 어려움이 있었다.
이에 노사발전재단의 일터혁신 상생 컨설팅을 통해 직무별 교육과정을 도입하고 교육평가 결과를 보상 및 승진과 연계해 교육 참여를 강화했다. 또 역량 공백이 예상되는 직무에는 고령의 숙련인력을 사내 강사로 육성하고, 이들이 직접 교안 개발과 강의 진행까지 할 수 있게 지원해 기술을 지속해서 축적했다. 이를 통해 장년 근로자의 사기와 자존감은 높이고, 퇴직에 따른 기술 공백을 예방할 수 있었다.
청인은 지난 2023년 사업주 직업능력개발훈련 우수사례 경진대회에서 최우수상을 받고 2024년에는 노사문화 우수기업에 선정되는 등의 외부 성과도 얻었다.
두 번째 발표 기업은 포스코 내 전문직 부서 외주화 정책에 따라 분사된 포웰이다.
이들은 포스코 출신 근로자와 비 포스코 출신 근로자 간의 임금 격차로 인해 비 포스코 출신들을 중심으로 승진과 임금인상에 대한 요구가 커졌다. 이에 포웰도 일터혁신 상생 컨설팅을 신청했고, 직무역량 수준을 재정의해 직무별 숙련 수준을 평가 결과에 반영해 직능급과 승진, 교육에 연계했다.
특히 '승진 포인트제'를 도입해 역량평가 등급을 점수화하고, 직능수준이 높은 근로자가 우선 승진할 수 있도록 했다.
이 제도는 비 포스코 출신의 승진 기회를 확대하면서 근로자 동기부여를 강화했고, 숙련 수준을 승진과 연계함으로써 능력 중심의 조직문화를 조성하는 데 기여했다.
포웰 역시 2023년 노사문화 우수기업과 2024년 일터혁신 우수기업에 선정됐고, 매출액도 10% 증가하는 등 외부적인 성과를 얻을 수 있었다.
한편 이날 포럼에서는 원청사인 포스코의 지원 사례도 공유됐다. 포스코는 협력사의 인적 자원을 최적화하고 성과에 직접 연계될 수 있게 일학습병행과 체계적 현장훈련(S-OJT)을 지원하고, 일터혁신 상생컨설팅을 통한 숙련 체계 구축을 독려하고 있다.
박종필 노사발전재단 사무총장은 ""이번 포럼은 숙련 중심의 일터혁신을 통해 근로조건 개선과 생산성 향상, 원청의 경쟁력 제고까지 이어지는 상생모델을 제시한 의미있는 자리였다""며 ""앞으로도 다양한 방식의 일터혁신 지원을 통해 더 나은 일터를 만들어나가겠다""고 말했다.",0.5
2025.07.24 14:00,"""정년 앞둔 숙련공이 지식 전수""…포스코·협력사 일터혁신 공유","노사발전재단. 2025년 제4차 일터혁신 사례공유 포럼
청인, 인력 46%가 50대 이상…기술 전수해 공백 예방
포웰, 숙련도와 승진 연계…비 포스코 출신 기회 확대








[포항=뉴시스] 안병철 기자 = 포스코 포항제철소 내 용광로에서 근로자들이 더위를 식히기 위해 얼음물을 마시고 있다.(사진=포스코 제공) 2025.07.07. photo@newsis.com
[서울=뉴시스] 고홍주 기자 = 노사발전재단이 24일 경북 포항시에서 '포스코·협력사 상생을 위한 숙련 중심의 일터혁신'을 주제로 2025년 제4차 일터혁신 사례공유 포럼을 개최했다.
이번 포럼에서는 에이치피씨컨설팅이 수행한 컨설팅 사례를 중심으로, 포스코 협력사 2곳과 포스코의 상생 지원 사례가 발표됐다.
첫 번째 사례 발표는 포스코 협력사인 청인이다. 청인은 전체 인력의 46%가 50대 이상으로, 이들이 핵심적인 수처리 기술과 비결을 보유하고 있어 정년퇴직 시 핵심기술 단절이 우려되는 상황이었다. 고령 숙련인력의 지식과 비결을 전수할 수 있는 숙련전수시스템이 필수적이지만, 외부 온라인 교육에 의존해 내부 직무전문가를 육성하는 데 어려움이 있었다.
이에 노사발전재단의 일터혁신 상생 컨설팅을 통해 직무별 교육과정을 도입하고 교육평가 결과를 보상 및 승진과 연계해 교육 참여를 강화했다. 또 역량 공백이 예상되는 직무에는 고령의 숙련인력을 사내 강사로 육성하고, 이들이 직접 교안 개발과 강의 진행까지 할 수 있게 지원해 기술을 지속해서 축적했다. 이를 통해 장년 근로자의 사기와 자존감은 높이고, 퇴직에 따른 기술 공백을 예방할 수 있었다.
청인은 지난 2023년 사업주 직업능력개발훈련 우수사례 경진대회에서 최우수상을 받고 2024년에는 노사문화 우수기업에 선정되는 등의 외부 성과도 얻었다.
두 번째 발표 기업은 포스코 내 전문직 부서 외주화 정책에 따라 분사된 포웰이다.
이들은 포스코 출신 근로자와 비 포스코 출신 근로자 간의 임금 격차로 인해 비 포스코 출신들을 중심으로 승진과 임금인상에 대한 요구가 커졌다. 이에 포웰도 일터혁신 상생 컨설팅을 신청했고, 직무역량 수준을 재정의해 직무별 숙련 수준을 평가 결과에 반영해 직능급과 승진, 교육에 연계했다.
특히 '승진 포인트제'를 도입해 역량평가 등급을 점수화하고, 직능수준이 높은 근로자가 우선 승진할 수 있도록 했다.
이 제도는 비 포스코 출신의 승진 기회를 확대하면서 근로자 동기부여를 강화했고, 숙련 수준을 승진과 연계함으로써 능력 중심의 조직문화를 조성하는 데 기여했다.
포웰 역시 2023년 노사문화 우수기업과 2024년 일터혁신 우수기업에 선정됐고, 매출액도 10% 증가하는 등 외부적인 성과를 얻을 수 있었다.
한편 이날 포럼에서는 원청사인 포스코의 지원 사례도 공유됐다. 포스코는 협력사의 인적 자원을 최적화하고 성과에 직접 연계될 수 있게 일학습병행과 체계적 현장훈련(S-OJT)을 지원하고, 일터혁신 상생컨설팅을 통한 숙련 체계 구축을 독려하고 있다.
박종필 노사발전재단 사무총장은 ""이번 포럼은 숙련 중심의 일터혁신을 통해 근로조건 개선과 생산성 향상, 원청의 경쟁력 제고까지 이어지는 상생모델을 제시한 의미있는 자리였다""며 ""앞으로도 다양한 방식의 일터혁신 지원을 통해 더 나은 일터를 만들어나가겠다""고 말했다.",0.5
2025.07.24 11:39,"고용부·경찰, '근로자 추락사' 포스코 광양제철소 압수수색","[광양제철소 (광양제철소 제공=연합뉴스)]
상부 배관 철거 작업 중 근로자가 추락해 숨진 사고가 발생한 포스코 광양제철소에 대해 경찰과 고용노동부가 강제 수사에 나섰습니다.
    
광주고용노동청과 전남경찰청은 오늘(24일) 오전 광양제철소와 철거업체 사무실 등에 근로감독관과 경찰 등 30여명을 투입해 압수수색을 단행했습니다.
    
압수수색으로 확보한 증거 자료를 바탕으로 산업안전보건법 및 중대재해처벌법 위반 여부 등을 확인한다는 계획입니다. 
    
특히 철거 대상 구조물이 붕괴하게 된 원인을 살펴보고 구조물 붕괴를 예방하기 위해 안전한 철거 계획을 수립했는지를 따져볼 계획입니다. 또 불법 하도급이 이뤄지지는 않았는지 등을 확인할 예정입니다.  
    
이 사고는 지난 14일 오후 3시께 집진기 배관 해체 작업 과정에서 구조물이 붕괴하면서 발생했습니다. 20ｍ 아래로 추락한 근로자 3명이 추락해 이 중 1명이 숨졌습니다.
    
이에 대해 이재명 대통령은 ""'아직도 이런 사고가 발생하나'라는 생각이 들 때가 있다""면서 ""사고 원인을 신속하고 철저히 조사하고, 안전조치에 미비점이 없었는지 확인해 엄정히 책임을 물어야 한다""고 지시했습니다.
 
당신의 제보가 뉴스로 만들어집니다.
SBS Biz는 여러분의 제보를 기다리고 있습니다.
홈페이지 = https://url.kr/9pghjn",-1.0
2025.07.24 10:04,"고용부·경찰, 포스코 광양제철소 추락사 관련 압수수색","포스코 광양제철소 전경. /사진=포스코
 
고용노동부와 경찰이 전남 포스코 광양제철소에서 발생한 노동자 추락사고와 관련한 압수수색을 실시했다. 
24일 뉴시스 보도에 따르면 광주지방고용노동청과 전라남도경찰청은 이날 오전 9시쯤부터 포스코 광양제철소 현장사무실, 철거업체 본사 및 현장사무실 등을 대상으로 압수수색을 진행하고 있다. 
앞서 지난 14일 전남 광양 소재 광양제철소에서 집진기의 배관을 철거하던 노동자가 추락해 사망하는 사고가 일어났다. 이에 근로감독관 및 경찰 30여명이 압수수색에 투입됐다. 
고용부는 압수수색을 통해 철거 대상 구조물의 붕괴 원인을 파악할 방침이다. 안전한 철거계획이 수립됐는지 등 안전 수칙 준수 및 포스코에 대한 도급인 지위 여부 등도 살펴볼 예정이다. 
광주지방고용노동청은 확보된 증거자료를 바탕으로 사고 원인을 철저하게 규명할 계획이다. 산업안전보건법 및 중대재해처벌법 위반 여부 등을 엄정하고 신속히 수사한다.",-1.0
2025.07.24 10:04,"고용부·경찰, 포스코 광양제철소 추락사 관련 압수수색","포스코 광양제철소 전경. /사진=포스코
 
고용노동부와 경찰이 전남 포스코 광양제철소에서 발생한 노동자 추락사고와 관련한 압수수색을 실시했다. 
24일 뉴시스 보도에 따르면 광주지방고용노동청과 전라남도경찰청은 이날 오전 9시쯤부터 포스코 광양제철소 현장사무실, 철거업체 본사 및 현장사무실 등을 대상으로 압수수색을 진행하고 있다. 
앞서 지난 14일 전남 광양 소재 광양제철소에서 집진기의 배관을 철거하던 노동자가 추락해 사망하는 사고가 일어났다. 이에 근로감독관 및 경찰 30여명이 압수수색에 투입됐다. 
고용부는 압수수색을 통해 철거 대상 구조물의 붕괴 원인을 파악할 방침이다. 안전한 철거계획이 수립됐는지 등 안전 수칙 준수 및 포스코에 대한 도급인 지위 여부 등도 살펴볼 예정이다. 
광주지방고용노동청은 확보된 증거자료를 바탕으로 사고 원인을 철저하게 규명할 계획이다. 산업안전보건법 및 중대재해처벌법 위반 여부 등을 엄정하고 신속히 수사한다.",-1.0
2025.07.24 09:34,"고용부·경찰, '근로자 추락사' 포스코 광양제철소 등 압수수색","""안전수칙 준수 여부, 포스코에 대한 도급인 지위 여부 등 확인""








포스코 광양제철소 제공
고용노동부와 경찰이 24일 포스코 광양제철소에 대해 압수수색에 나섰다.
노동부는 이날 오전 9시부터 전라남도경찰청과 전남 광양 제철소 등에 대한 압수수색을 진행 중이라고 밝혔다. 해당 제철소에서는 지난 14일 집진기의 배관을 철거하던 노동자가 추락사하는 사고가 발생했다.
노동부에 따르면, 근로감독관과 경찰 30여명은 포스코 광양제철소 현장사무실, 철거업체 본사 및 현장 사무실 등을 대상으로 압수수색을 실시 중이다.
이번 압수수색을 통해 철거 대상 구조물이 붕괴하게 된 원인, 구조물 붕괴 위험을 방지하기 위한 안전한 철거계획 수립 등 안전수칙 준수 여부, 포스코에 대한 도급인 지위 여부 등을 확인할 계획이다.
노동부는 ""이번 압수수색을 통해 확보된 증거자료를 바탕으로 사고의 원인을 철저하게 규명하는 한편, 산업안전보건법 및 중대재해처벌법 위반 여부 등을 엄정, 신속하게 수사할 방침""이라고 밝혔다.
※CBS노컷뉴스는 여러분의 제보로 함께 세상을 바꿉니다. 각종 비리와 부당대우, 사건사고와 미담 등 모든 얘깃거리를 알려주세요.
이메일 :
 
jebo@cbs.co.kr
카카오톡 :
 
@노컷뉴스
사이트 :
 
https://url.kr/b71afn",-0.5
2025.07.24 09:32,"고용부·경찰, ‘근로자 추락 사망’ 포스코 광양제철소 등 압수수색","사망사고 10일 만에 대대적 압수수색
도급인 책임·중대재해법 위반 여부 수사








포스코 광양제철소의 한 용광로. 사진은 기사 내용과 직접적인 관련 없음 [뉴시스]
[헤럴드경제=김용훈 기자] 고용노동부와 경찰이 지난 14일 전남 광양 포스코 제철소에서 발생한 근로자 추락 사망사고와 관련해 24일 오전부터 현장에 대한 압수수색에 돌입했다. 사고 발생 열흘 만이다.
당국은 현장 안전조치 및 도급 구조에 대한 책임 소재를 가리기 위해 포스코의 도급인 지위와 철거업체의 안전수칙 이행 여부, 중대재해처벌법 위반 가능성 등을 전방위로 들여다보고 있다.
고용부 광주지방고용노동청과 전남경찰청은 이날 오전 9시부터 포스코 광양제철소 현장사무실과 철거업체 본사 및 현장사무소 등을 대상으로 근로감독관과 수사 인력 등 30여 명을 투입해 압수수색을 진행 중이다.
이번 수사는 지난 14일 광양제철소 소결공장 집진기 철거 작업 중 발생한 대형 인명사고에 따른 것이다. 당시 하청업체 소속 근로자 3명이 16ｍ 높이에서 추락하거나 낙하물에 맞아 병원으로 이송됐고, 이 중 60대 근로자 권모 씨가 끝내 숨졌다. 1명은 위중한 상태이며, 1명은 안와골절 등 부상을 입었다.
사고 설비는 1991년 설치된 이후 수십 년간 방치돼 온 ‘불용 설비’였던 것으로 확인됐다. 특히 1996년부터는 가동조차 되지 않았던 해당 배관을 올해 들어 철거하는 과정에서 붕괴가 발생했다. 철거업체는 별도 구조물 해체계획서를 제출하지 않은 채 현장 작업을 진행한 것으로 전해졌다.
고용부는 이번 압수수색을 통해 ▷해체계획 등 안전조치 수립 여부 ▷구조물 붕괴 위험 사전 인지 및 조치 여부 ▷원청인 포스코의 도급인 지위와 안전관리 책임 여부 등을 집중 확인할 방침이다. 확보된 작업지시서, CCTV, 작업계획서 등은 중대재해처벌법 및 산업안전보건법 위반 여부를 판단하는 핵심 증거가 될 전망이다.
고용부 관계자는 “현장 상황과 사고 경위를 종합적으로 파악해 철거 대상 구조물의 붕괴 원인을 철저히 규명하고 법 위반 여부를 엄정히 수사하겠다”고 밝혔다.
포스코 측은 “사고 설비는 수십 년 전 설치된 노후 자재로, 전문 철거업체에 철거를 맡겼다”며 “도급 구조와 원청의 책임 여부는 조사 결과에 따라 판단받겠다”는 입장을 밝혔다.
이번 사고는 2020년 광양제철소 폭발 사고, 2022년 포항제철소 추락사고에 이어 3년 새 세 번째 대형 인명사고로 기록된다.
노동계는 “반복되는 중대사고의 근본 원인은 노후설비 관리 부실과 외주화 구조에 있다”며 “국가 차원의 설비 전수조사 및 기계설비 유지보수 기준 강화가 시급하다”고 촉구했다.
광주지방고용노동청은 조사가 마무리되는 대로 관련자 형사처벌 여부를 포함한 수사 결과를 신속히 발표할 계획이다.
한편 김영훈 고용부 장관은 전날 ‘안전한 일터 프로젝트’ 착수를 공식 선언하며, 산업재해 근절을 위한 전방위 현장 관리에 돌입했다. 김 장관은 “노동자 생명을 지키지 않는 기업에 대해선 관용이 없다”며 “최근 시민들도 생명을 외면한 기업에 대해 불매운동까지 벌이고 있다. 정부도 그에 맞춰 책임을 묻겠다”고 말했다.",0.0
2025.07.24 09:32,"고용부·경찰, ‘근로자 추락 사망’ 포스코 광양제철소 등 압수수색","사망사고 10일 만에 대대적 압수수색
도급인 책임·중대재해법 위반 여부 수사








포스코 광양제철소의 한 용광로. 사진은 기사 내용과 직접적인 관련 없음 [뉴시스]
[헤럴드경제=김용훈 기자] 고용노동부와 경찰이 지난 14일 전남 광양 포스코 제철소에서 발생한 근로자 추락 사망사고와 관련해 24일 오전부터 현장에 대한 압수수색에 돌입했다. 사고 발생 열흘 만이다.
당국은 현장 안전조치 및 도급 구조에 대한 책임 소재를 가리기 위해 포스코의 도급인 지위와 철거업체의 안전수칙 이행 여부, 중대재해처벌법 위반 가능성 등을 전방위로 들여다보고 있다.
고용부 광주지방고용노동청과 전남경찰청은 이날 오전 9시부터 포스코 광양제철소 현장사무실과 철거업체 본사 및 현장사무소 등을 대상으로 근로감독관과 수사 인력 등 30여 명을 투입해 압수수색을 진행 중이다.
이번 수사는 지난 14일 광양제철소 소결공장 집진기 철거 작업 중 발생한 대형 인명사고에 따른 것이다. 당시 하청업체 소속 근로자 3명이 16ｍ 높이에서 추락하거나 낙하물에 맞아 병원으로 이송됐고, 이 중 60대 근로자 권모 씨가 끝내 숨졌다. 1명은 위중한 상태이며, 1명은 안와골절 등 부상을 입었다.
사고 설비는 1991년 설치된 이후 수십 년간 방치돼 온 ‘불용 설비’였던 것으로 확인됐다. 특히 1996년부터는 가동조차 되지 않았던 해당 배관을 올해 들어 철거하는 과정에서 붕괴가 발생했다. 철거업체는 별도 구조물 해체계획서를 제출하지 않은 채 현장 작업을 진행한 것으로 전해졌다.
고용부는 이번 압수수색을 통해 ▷해체계획 등 안전조치 수립 여부 ▷구조물 붕괴 위험 사전 인지 및 조치 여부 ▷원청인 포스코의 도급인 지위와 안전관리 책임 여부 등을 집중 확인할 방침이다. 확보된 작업지시서, CCTV, 작업계획서 등은 중대재해처벌법 및 산업안전보건법 위반 여부를 판단하는 핵심 증거가 될 전망이다.
고용부 관계자는 “현장 상황과 사고 경위를 종합적으로 파악해 철거 대상 구조물의 붕괴 원인을 철저히 규명하고 법 위반 여부를 엄정히 수사하겠다”고 밝혔다.
포스코 측은 “사고 설비는 수십 년 전 설치된 노후 자재로, 전문 철거업체에 철거를 맡겼다”며 “도급 구조와 원청의 책임 여부는 조사 결과에 따라 판단받겠다”는 입장을 밝혔다.
이번 사고는 2020년 광양제철소 폭발 사고, 2022년 포항제철소 추락사고에 이어 3년 새 세 번째 대형 인명사고로 기록된다.
노동계는 “반복되는 중대사고의 근본 원인은 노후설비 관리 부실과 외주화 구조에 있다”며 “국가 차원의 설비 전수조사 및 기계설비 유지보수 기준 강화가 시급하다”고 촉구했다.
광주지방고용노동청은 조사가 마무리되는 대로 관련자 형사처벌 여부를 포함한 수사 결과를 신속히 발표할 계획이다.
한편 김영훈 고용부 장관은 전날 ‘안전한 일터 프로젝트’ 착수를 공식 선언하며, 산업재해 근절을 위한 전방위 현장 관리에 돌입했다. 김 장관은 “노동자 생명을 지키지 않는 기업에 대해선 관용이 없다”며 “최근 시민들도 생명을 외면한 기업에 대해 불매운동까지 벌이고 있다. 정부도 그에 맞춰 책임을 묻겠다”고 말했다.",0.0
2025.07.24 09:28,"고용부·경찰, '포스코 광양제철소 추락사' 관련업체 압수수색","14일 광양제철소서 노동자 추락해 사망
감독관·경찰 30여명…중처법 위반 조사








[광양=뉴시스] 광양제철소. photo@newsis.com *재판매 및 DB 금지
[서울=뉴시스]권신혁 기자 = 고용노동부와 경찰이 최근 전남 포스코 광양제철소에서 발생한 노동자 추락사고와 관련해 광양제철소 현장사무실 등에 대한 압수수색을 실시했다. 
24일 고용부에 따르면 광주지방고용노동청과 전라남도경찰청은 이날 오전 9시께부터 포스코 광양제철소 현장사무실, 철거업체 본사 및 현장사무실 등을 대상으로 압수수색을 진행 중이다. 
앞서 지난 14일 전남 광양 소재 광양제철소에서 집진기의 배관을 철거 중이던 노동자가 추락해 사망하는 사고가 발생했다. 
이에 근로감독관 및 경찰 30여명이 압수수색에 투입됐다. 
고용부는 압수수색을 통해 철거 대상 구조물이 붕괴된 원인을 파악할 방침이다. 또 구조물 붕괴 위험을 방지하기 위해 안전한 철거계획이 수립됐는지 등 안전수칙 준수 여부와 포스코에 대한 도급인 지위 여부 등을 살펴볼 계획이다. 
수색에 나선 광주지방고용노동청은 확보된 증거자료를 바탕으로 사고 원인을 철저하게 규명할 예정이다. 또 산업안전보건법 및 중대재해처벌법 위반 여부 등을 엄정하고 신속히 수사할 방침이다. 
중대재해법은 사업장에서 노동자가 사망하는 등 중대 사고가 발생한 원인이 안전·보건 조치 확보 의무 위반일 경우 사업주나 경영책임자 등을 처벌하도록 정하고 있다.
구체적으로 ▲사망자가 1명 이상 발생한 경우 ▲동일한 사고로 6개월 이상 치료가 필요한 부상자가 2명 이상 발생한 경우 ▲동일한 유해요인으로 급성중독 등 직업성 질병자가 1년 이내에 3명 이상 발생한 경우 적용된다．",0.0
2025.07.24 09:26,"고용부·경찰, 포스코 광양제철소 압수수색","포스코 현장 사무실, 철거 업체 등 대상
고용노동부 광주지방고용노동청과 전라남도경찰청은 
14일 전남 광양 소재 제철소에서 집진기 배관을 철거하던 근로자가 추락해 사망 사고가 난 것과 관련해 
24일 오전 9시께부터 광양제철소 등을 압수수색하고 있다.








이번 압수수색에는 근로감독관과 경찰 30여명이 투입됐다. 이들은 
포스코 광양제철소 현장 사무실과 철거 업체 본사 및 현장 사무실 등을 대상으로 압수수색을 하고 있다.
고용부는 철거 대상 구조물이 붕괴하게 된 원인, 구조물 붕괴 위험을 방지하기 위한 안전한 철거 계획 수립 등 안전 수칙 준수 여부를 살펴본다. 
포스코에 대한 도급인 지위 여부 등도 면밀히 살피기로 했다.
광주지방고용노동청은 이번에 확보된 증거 자료를 바탕으로 사고 원인을 규명하는 한편, 산업안전보건법 및 중대재해처벌법 위반 여부 등을 신속하게 수사할 방침이다.",0.0
2025.07.23 16:55,中 밀어내기 줄고 철광석 가격도↓… 포스코 ·현대제철 ‘바닥’ 찍...,"中 감산 정책에 수입 물량 줄어
업계, 하향 안정화 지속 기대감
미중 무역전쟁 등 대외 변수도








경기도 평택항에 지난 4일 컨테이너가 쌓여 있다. 연합뉴스.
중국이 저가 철강 제품 밀어내기 수출 물량을 조절하기 시작하면서, 원재료인 철광석 가격도 내림세를 보이고 있다. 지금까지 중국의 저가공세에 원가부담, 수요침체라는 3중고에 시달리던 포스코와 현대제철 등 철강업체들이 바닥을 찍고 다시 실적 반등을 할 지 주목된다.
23일 한국철강협회 등에 따르면 6월 중국산 철강재계의 한국으로 수입 물량은 지난 4월 77만7255톤에서 꾸준히 줄어 66만629톤이 된 것으로 나타났다.
올해 1월에 59만523톤이던 중국산 철강재계의 국내수입은 3월에 67만9863톤을 기록하는 등 상승세를 이어왔다. 최근 두 달 동안 중국산 수입이 감소한 것이다.
수입량 감소의 주요 배경으로는 자국의 철강 기업 보호를 위한 중국 정부의 감산 정책을 들 수 있다. 중국 철강업계는 최근 내수시장이 좋지 않았고, 여기에 올 초부터 미국의 관세에 선제대응 하는 차원에서 재고상품을 저가로 밀어내며 수출했다. 그 여파로 철강이 공급과잉 상태가 되면서 한국의 철강업계 수익성이 급격히 악화된 것이다.
올 상반기 철강 수출액은 전년 동기보다 8%가량 줄었다. 여기에 반덤핑 등 글로벌 무역 장벽이 강화되면서 중국이 감산 움직임을 본격화하게 됐다는 설명이다.
여기에 철광석 가격도 하락세다. 한국광해광업공단에 따르면 이달 철광석 가격은 지난 2월과 비교해 9%가량 하락했다. 최근 들어 소폭 반등세를 보이긴 하고 있지만, 중국의 감산 추세가 이어지고 있는 만큼 가격은 하향 안정화 기조를 이어갈 것으로 업계에서는 기대하고 있다.
이같은 흐름에 포스코나 현대제철 등 국내 주요 철강사들이 2분기 까지는 바닥을 찍고 3분기에서는 오를 가능성도 제기된다. 최근 증권사들은 1개월간 내놓은 실적 추정치의 평균을 분석, 포스코홀딩스의 2분기 영업이익이 6468억원으로 작년 2분기보다 14.0%가량 줄었을 것으로 추정했다. 매출도 18조526억원으로 2.5% 줄었을 것으로 봤다.
현대제철의 경우 매출이 5조8487억원, 영업이익은 831억원으로 작년 동기보다 각각 3.2%, 15.2% 줄어들지만, 지난해 4분기부터 이어온 영업 적자에서 벗어나 흑자로 전환에는 성공했을 것으로 보인다.
업계 관계자는 “여러 복합적 이유가 있겠지만, 한국이 중국산을 대상으로 AD(반덤핑 관세)를 부과하려는 것이나 중국의 감산 정책 등이 영향을 준 것으로 보인다”며 “철광석 가격은 개별 기업에서 컨트롤 하기는 어려운 부분이긴 하지만 가격의 변동이 업계 실적에 영향을 주기도 한다”고 말했다.
업계 일각에서는 아직 미중 무역전쟁 등의 대외 변수가 산적해 있는 만큼 낙관하긴 이르다는 말도 나온다. 스티븐 본 전 미국무역대표부(USTR) 대표대행은 22일(현지 시간) 미국 워싱턴DC 에서 진행한 특파원단 대담에서 “철강과 자동차 등 (무역확장법) 232조에 근거한 기타 관세는 미국인들에게 매우 민감한 사안”이라며 “영국처럼 그 시장에서 중요한 국가에게는 어느정도 양보할 수 있지만 한국이나 일본, 유럽연합(EU) 같은 국가들에게까지 그렇게하지는 않을 것이라고 본다”고 말했다.",0.0
2025.07.23 16:04,"포스코, 中企 고충 해결 솔루션 '동반성장지원단'","작업자가 MES시스템이 적용된 키오스크를 활용하여 생산설비를 제어하는 모습. 
포스코가 글로벌 공급 과잉 및 수요 부진, 보호무역 정책 등으로 어려움을 겪고 있는 가운데 지속가능한 공급망 구축이 곧 대한민국 철강산업 경쟁력 강화와 직결된다는 경영 이념 아래 중소기업의 경영 역량, 제품 품질, 생산성 향상을 도모해 포스코와 중소기업이 상생할 수 있도록 다양한 동반성장 프로그램을 운영해 오고 있다.
특히 포스코는 전문가들이 중소기업들의 고충 해결을 위한 솔루션을 제공하는 '동반성장지원단', 중소기업의 혁신 역량을 강화하고 생산공정을 지능화하는 'Smart화 역량강화', 중소기업과 공동으로 과제를 수행하고 성과를 나누는 '성과공유제(Benefit Sharing)' 등의 프로그램을 통해 중소기업의 역량 강화를 도모하고 있다. 
올해 출범 5년 차를 맞이하는 '동반성장지원단'은 각 분야에서 평균 25년 이상 근무 경력과 전문성을 갖춘 포스코 직원들로 구성된 중소기업 지원 전문 조직으로 △ESG 현안 해결 △스마트공장 구축 △설비·공정 개선 △품질·기술 혁신 등 총 4개 분야에서 실질적인 맞춤형 컨설팅을 제공하고 있다. 2021년 도입된 이후 지난해까지 4년간 100여 곳의 중소기업이 참여해 개선 과제를 수행했으며, 이러한 노력들이 점차 성과로 이어지고 있다.
류림산업은 1976년 설립된 CHQ(Cold Heading Quality) 와이어 생산 전문기업으로 1980년부터 포스코와 거래를 이어오고 있다.
2023년에는 정부와 포스코의 지원금, 도입기업(중소기업)의 자부담을 통해 사업장 스마트화를 추진하는 '포스코 상생형 스마트공장 구축 지원 사업'에 참여하여 MES(생산관리시스템)를 도입했다.
스마트공장 구축 이후 류림산업은 생산성 향상, 품질 분량률 감소, 업무 효율 증가로 매출이 약 12% 증가했다. 이는 스마트공장 구축에 따른 실적 개선이 큰 기여를 한 것으로 분석된다.  
[권선우 기자]",0.0
2025.07.23 15:36,"[아파트 PF 인사이드] 포스코이앤씨, 고분양가 발목 '연동 더샵애비뉴...","연동 더샵애비뉴 투시도 /사진 제공=포스코이앤씨
 
포스코이앤씨가 고분양가에 발목을 잡혀 분양을 취소했던 제주 '연동 더샵애비뉴'를 후분양으로 공급한다. 시행사가 유동성 리스크를 넘기도록 본 프로젝트파이낸싱(PF) 리파이낸싱을 도운 뒤 내년께 분양하기로 하고 일정을 가늠하고 있다.
23일 업계에 따르면 연동 더샵애비뉴는 제주도 제주시 연동 261-37번지 일대에 지하 5층~지상 18층, 204가구로 개발되는 주상복합이다. 시공사인 포스코이앤씨는 935억원에 도급 계약을 맺었으며 2023년 10월 착공해 2026년 10월 준공할 예정이다. 시행사는 아일랜드원으로 동양종합건축사사무소가 100% 출자해 설립한 법인이다.
연동 더샵애비뉴는 2023년 분양에 들어갔으나 전용면적 84㎡의 최고 분양가가 12억원에 가깝게 책정돼 흥행에 실패한 뒤 분양을 취소했다. 준공이 가까운 시점에 분양에 재도전할 예정으로 포스코이앤씨 측은 내년 6월께 후분양을 계획 중이나 확정된 것은 아니라고 밝혔다.
시행사는 사업비 조달을 위해 고금리의 본PF를 일으켰으나 분양 취소로 상환금을 확보하지 못해 존속 능력에 대한 불확실성이 커진 상태다. 메리츠화재해상보험과 한도 1100억원, 금리 10% 조건의 본PF 대출 약정을 체결했으며 연간 실행액은 2022년 말 700억원, 2023년 말 848억원 2024년 말 983억원 등으로 증가했다. 2022~2024년 3년간의 이자비용은 195억원에 달한다. 지난해 말 기준 자기자본은 –414억원으로 완전자본잠식 상태다.
아일랜드원은 불확실성 해소를 위한 자구계획으로 본PF 증액과 금리인하를 위한 리파이낸싱을 내놓았고 포스코이앤씨의 지원으로 이를 실행할 수 있었다. 올 6월 메리츠증권과 1550억원 한도의 본PF 약정을 체결했으며 대출 구성은 트랜치A 1050억원, 트랜치B 500억원 등이다. 현재 트랜치B 중 400억원은 유동화증권을 발행해 조달되고 있으며, 표면이율이 4.6%로 설정된 만큼 이전의 본PF보다 금리가 낮아질 것으로 예상된다.
포스코이앤씨는 본PF에 책임준공과 채무인수를 약정하며 대주의 참여를 이끌었다. 트랜치A 1050억원은 책임준공을 약정해 기간 내 준공하지 못하면 채무를 인수해야 한다. 트랜치B 500억원의 경우 채무인수를 약정해 아일랜드원이 원리금 등을 상환하지 못하거나 기한이익상실이 발생할 경우 채무를 중첩적으로 인수하거나 즉시 전액 상환해야 한다.
아일랜드원은 이번 리파이낸싱으로 불확실성을 해소했다고 판단하고 있다. 본PF 만기는 2028년 6월27일로 후분양 예정일보다 2년 정도 여유가 있는 만큼 상환금 확보를 위해 분양률 제고에 적극 나설 것으로 보인다.",0.0
